{
 "model": "vocal_onset_head_v1",
 "song_id": "peggy_o",
 "feature_config": {
  "sample_rate": 16000,
  "n_fft": 1024,
  "hop": 512,
  "n_mels": 64,
  "fmin": 0.0,
  "fmax": 8000.0,
  "window_sec": 0.5,
  "pooling": "mean+std",
  "log_ref": "running_max",
  "log_floor_db": -80.0,
  "smoothing_sec": 2.0,
  "threshold": 0.5,
  "sustain_sec": 1.5
 },
 "gate": {
  "mode": "expanding",
  "low": 0.7,
  "high": 0.85,
  "min_sec": 60.0
 },
 "scaler_mean": [
  -31.760112,
  -20.571585,
  -20.184583,
  -22.279942,
  -22.899002,
  -24.703197,
  -24.916654,
  -26.981845,
  -25.288474,
  -26.462555,
  -30.863637,
  -29.272754,
  -33.192208,
  -31.926291,
  -34.341483,
  -38.697719,
  -39.501834,
  -36.50859,
  -36.94724,
  -41.585288,
  -40.569272,
  -42.484498,
  -42.292674,
  -40.521768,
  -45.601798,
  -46.476394,
  -44.999141,
  -46.466722,
  -48.434101,
  -46.774618,
  -48.370599,
  -46.512659,
  -45.193438,
  -48.116505,
  -50.959526,
  -48.663641,
  -51.770377,
  -48.346859,
  -48.658643,
  -50.606053,
  -51.185073,
  -50.801203,
  -52.413385,
  -53.006738,
  -53.087085,
  -52.93466,
  -52.340645,
  -53.136853,
  -53.549706,
  -55.004557,
  -55.074039,
  -55.558017,
  -55.473986,
  -56.65026,
  -56.341541,
  -58.064029,
  -58.522415,
  -58.454507,
  -58.773915,
  -58.945173,
  -59.793229,
  -61.818817,
  -62.751339,
  -66.088898,
  7.153874,
  5.007385,
  4.162075,
  4.184801,
  4.154335,
  4.200317,
  4.544516,
  4.566355,
  4.681613,
  4.86945,
  5.149313,
  5.163071,
  4.8353,
  6.068832,
  5.70656,
  6.278506,
  5.424272,
  5.082946,
  5.147149,
  5.437825,
  5.694461,
  5.75994,
  5.708359,
  5.313155,
  5.78022,
  5.69308,
  5.789633,
  5.719113,
  5.502838,
  5.648615,
  5.529489,
  5.396619,
  5.401378,
  5.951911,
  5.802367,
  6.047741,
  6.148598,
  5.625206,
  5.213505,
  5.685893,
  5.907657,
  5.736689,
  5.310915,
  5.342407,
  5.327311,
  5.258812,
  5.409925,
  5.272401,
  5.433486,
  5.445337,
  5.296709,
  5.740831,
  5.974215,
  5.958927,
  6.113821,
  5.903468,
  6.094464,
  6.288924,
  6.548341,
  6.673374,
  6.596168,
  6.548505,
  6.7008,
  6.390945
 ],
 "scaler_scale": [
  7.274407,
  6.531217,
  4.770197,
  4.945841,
  4.884692,
  5.274812,
  5.369603,
  4.979209,
  5.094872,
  5.485547,
  5.981958,
  6.290153,
  5.330959,
  7.253947,
  6.409044,
  6.558704,
  5.430169,
  5.742909,
  5.622076,
  4.956162,
  6.701298,
  6.529816,
  5.324339,
  5.542555,
  5.288806,
  5.241865,
  5.843498,
  5.915289,
  5.306317,
  5.301591,
  5.271667,
  5.592406,
  7.024021,
  7.315527,
  5.727465,
  5.856491,
  5.583849,
  6.329379,
  5.839055,
  5.003482,
  5.290813,
  5.414754,
  6.324424,
  6.623467,
  5.621247,
  5.658837,
  5.661718,
  5.573633,
  5.447972,
  5.540021,
  5.526996,
  5.323778,
  5.647105,
  5.310786,
  5.479139,
  5.682294,
  6.033538,
  6.154406,
  6.384338,
  6.127899,
  6.081142,
  6.037959,
  5.855553,
  5.57331,
  3.028169,
  2.715517,
  2.320192,
  1.737405,
  1.58023,
  1.662826,
  1.853023,
  1.732598,
  1.936297,
  1.944705,
  2.08064,
  2.30571,
  1.985011,
  2.434593,
  2.268971,
  2.370641,
  2.113875,
  2.141281,
  2.061426,
  1.833205,
  2.114874,
  2.136901,
  2.136594,
  2.039164,
  2.118885,
  1.938139,
  2.017972,
  1.984393,
  1.963568,
  2.057919,
  1.934896,
  2.162857,
  2.4411,
  2.34377,
  2.147289,
  2.487989,
  2.261425,
  2.293398,
  2.15359,
  2.124522,
  2.063043,
  2.185231,
  2.156726,
  2.256401,
  2.142632,
  2.113732,
  2.119207,
  2.076845,
  2.046218,
  2.059347,
  2.007766,
  2.094634,
  2.284248,
  2.211815,
  2.354426,
  2.304002,
  2.330307,
  2.444403,
  2.531837,
  2.647979,
  2.656833,
  2.482384,
  2.635358,
  2.523822
 ],
 "coef": [
  0.375837,
  -0.711416,
  0.04481,
  -0.10918,
  0.800785,
  0.565408,
  0.067814,
  0.454387,
  0.583358,
  0.074023,
  -0.805999,
  -0.398953,
  0.77819,
  -0.07332,
  -0.061847,
  -0.215612,
  -0.304106,
  0.66935,
  -0.359871,
  -0.476991,
  0.327012,
  -0.870931,
  0.581996,
  -0.764686,
  -0.313857,
  -1.348934,
  0.528441,
  -1.122055,
  0.057236,
  1.00845,
  -0.550252,
  0.698629,
  -1.769703,
  1.03784,
  -0.476223,
  0.138012,
  0.848244,
  -0.75574,
  -0.758298,
  -0.611512,
  0.37646,
  0.308474,
  0.043664,
  -1.297019,
  -1.019944,
  0.059621,
  0.296838,
  -0.465974,
  -0.10872,
  -0.38104,
  -0.502871,
  1.120501,
  0.62319,
  -1.34713,
  0.63443,
  -2.396892,
  0.900079,
  0.773432,
  3.207372,
  0.287708,
  -1.066338,
  1.945014,
  0.804419,
  -1.275352,
  -0.242266,
  -0.233207,
  -0.047602,
  0.20276,
  -0.219657,
  0.202663,
  -0.059674,
  0.085166,
  0.148247,
  0.105894,
  -0.239677,
  -0.1467,
  0.382422,
  -0.887146,
  0.64815,
  -0.537458,
  0.205197,
  -0.06558,
  -0.083825,
  -0.105722,
  0.412402,
  -0.318916,
  -0.298428,
  0.095505,
  0.264392,
  0.111142,
  0.270502,
  -0.076298,
  -0.480773,
  -0.296897,
  0.457656,
  0.246812,
  0.460246,
  -0.496797,
  -0.503412,
  -0.122176,
  -0.056202,
  0.154155,
  0.312207,
  0.138231,
  0.359261,
  -0.471603,
  0.517626,
  -0.169884,
  0.374187,
  0.407479,
  -0.017267,
  0.027915,
  -0.47821,
  0.571523,
  -0.51655,
  0.174037,
  0.163774,
  -0.465723,
  -0.740392,
  0.331654,
  -1.444846,
  0.12179,
  0.104676,
  0.042984,
  0.588537,
  -0.605548,
  1.498844,
  0.276944
 ],
 "intercept": 1.738248,
 "trained_on": [
  {
   "audio": "/tmp/claude-0/-home-user-countme-in/388a0157-926b-5ef9-a3b2-51f6a738ea75/scratchpad/vad/audio",
   "ground_truth": "tooling/ground_truth/peggy_o_band.json"
  },
  {
   "audio": "/tmp/claude-0/-home-user-countme-in/388a0157-926b-5ef9-a3b2-51f6a738ea75/scratchpad/vad/audio2",
   "ground_truth": "tooling/ground_truth/peggy_o_band2.json"
  }
 ],
 "eval": [
  {
   "take": "/tmp/claude-0/-home-user-countme-in/388a0157-926b-5ef9-a3b2-51f6a738ea75/scratchpad/vad/audio2",
   "auc": 0.9995680612118969,
   "vocal_median": 0.9683446884155273,
   "instrumental_median": 0.008303308859467506,
   "gate_spread": 0.994365930557251,
   "onsets_sec": [
    55.5,
    305.0
   ],
   "verse_1": {
    "gt_sec": 56.0,
    "nearest_onset_sec": 55.5,
    "error_sec": -0.5,
    "detected": true
   },
   "verse_5": {
    "gt_sec": 303.0,
    "nearest_onset_sec": 305.0,
    "error_sec": 2.0,
    "detected": true
   },
   "jam_false_alarms": []
  },
  {
   "take": "/tmp/claude-0/-home-user-countme-in/388a0157-926b-5ef9-a3b2-51f6a738ea75/scratchpad/vad/audio3",
   "auc": 0.7503241140881591,
   "vocal_median": 0.7037491798400879,
   "instrumental_median": 0.4744585156440735,
   "gate_spread": 0.6669476628303528,
   "onsets_sec": [
    5.0,
    12.5,
    18.5,
    26.5,
    50.5,
    63.0,
    70.0,
    74.5,
    79.5,
    88.0,
    93.5,
    103.5,
    114.5,
    120.0,
    126.0,
    131.0,
    137.5,
    143.0,
    152.0,
    155.0,
    170.5,
    175.5,
    187.5,
    192.5,
    213.5,
    217.5,
    236.0,
    242.0,
    247.0,
    254.5,
    274.0,
    276.5,
    283.0,
    288.5,
    294.0,
    299.5,
    305.0,
    314.0,
    324.5,
    330.0,
    337.0,
    344.0,
    352.0
   ],
   "verse_1": {
    "gt_sec": 18.0,
    "nearest_onset_sec": 18.5,
    "error_sec": 0.5,
    "detected": true
   },
   "verse_5": {
    "gt_sec": 225.0,
    "nearest_onset_sec": 217.5,
    "error_sec": -7.5,
    "detected": false
   },
   "jam_false_alarms": [
    143.0,
    152.0,
    155.0,
    170.5,
    175.5,
    213.5,
    217.5
   ]
  }
 ],
 "parity": {
  "signal": "0.5*sin(2pi*440t) + 0.3*sin(2pi*1000t) + 0.2*sin(2pi*3000t), 2.0s at 16kHz, float32",
  "tolerance_db": 0.1,